TSI,WSI,station_name,Country,TTAAii_CCCC
6601,0-20000-0-06601,BASEL / BINNINGEN,Switzerland,"ISMD23_LSSW,ISND23_LSSW,ISID23_LSSW"
6602,0-20000-0-06602,DELEMONT,Switzerland,"ISMD23_LSSW,ISND23_LSSW,ISID23_LSSW"
6603,0-20000-0-06603,VEVEY,Switzerland,"ISID23_LSSW,ISND23_LSSW,ISMD23_LSSW"
6604,0-20000-0-06604,NEUCHATEL,Switzerland,"ISID23_LSSW,ISMD23_LSSW,ISND23_LSSW"
6605,0-20000-0-06605,CHASSERAL,Switzerland,"ISND23_LSSW,ISMD23_LSSW,ISID23_LSSW"
6606,0-20000-0-06606,CRESSIER,Switzerland,"ISMD23_LSSW,ISND23_LSSW,ISID23_LSSW"
6608,0-20000-0-06608,CHAUMONT,Switzerland,"ISMD23_LSSW,ISID23_LSSW,ISND23_LSSW"
6609,0-20000-0-06609,LE MOLESON,Switzerland,"ISND23_LSSW,ISID23_LSSW,ISMD23_LSSW"
6610,0-20000-0-06610,PAYERNE (6610-0),Switzerland,"ISND23_LSSW,ISID21_LSSW,ISMD01_LSSW"
6612,0-20000-0-06612,LA CHAUX-DE-FONDS,Switzerland,"ISMD23_LSSW,ISND23_LSSW,ISID23_LSSW"
6613,0-20000-0-06613,FRUTIGEN,Switzerland,"ISND23_LSSW,ISMD23_LSSW,ISID23_LSSW"
6614,0-20000-0-06614,LES MARECOTTES,Switzerland,"ISND23_LSSW,ISMD23_LSSW,ISID23_LSSW"
6615,0-20000-0-06615,"MONTAGNIER, BAGNES",Switzerland,"ISMD23_LSSW,ISND23_LSSW,ISID23_LSSW"
6616,0-20000-0-06616,FAHY,Switzerland,"ISND23_LSSW,ISMD23_LSSW,ISID23_LSSW"
6617,0-20000-0-06617,LA BREVINE,Switzerland,"ISND23_LSSW,ISMD23_LSSW,ISID23_LSSW"
6618,0-20000-0-06618,MATHOD,Switzerland,"ISID23_LSSW,ISND23_LSSW,ISMD23_LSSW"
6619,0-20000-0-06619,BULLET / LA FRETAZ,Switzerland,"ISND23_LSSW,ISID23_LSSW,ISMD23_LSSW"
6620,0-20000-0-06620,SCHAFFHAUSEN,Switzerland,"ISMD23_LSSW,ISND23_LSSW,ISID23_LSSW"
6621,0-20000-0-06621,GUETTINGEN,Switzerland,"ISND23_LSSW,ISMD23_LSSW,ISID23_LSSW"
6623,0-20000-0-06623,SALEN-REUTENEN,Switzerland,"ISMD23_LSSW,ISID23_LSSW,ISND23_LSSW"
6624,0-20000-0-06624,HALLAU,Switzerland,"ISND23_LSSW,ISID23_LSSW,ISMD23_LSSW"
6625,0-20000-0-06625,FRIBOURG / POSIEUX,Switzerland,"ISMD23_LSSW,ISND23_LSSW,ISID23_LSSW"
6626,0-20000-0-06626,GOESGEN,Switzerland,"ISMD23_LSSW,ISND23_LSSW,ISID23_LSSW"
6627,0-20000-0-06627,CHATEAU-D'OEX,Switzerland,"ISND23_LSSW,ISMD23_LSSW,ISID23_LSSW"
6628,0-20000-0-06628,PLAFFEIEN,Switzerland,"ISND23_LSSW,ISID23_LSSW,ISMD23_LSSW"
6631,0-20000-0-06631,BERN / ZOLLIKOFEN,Switzerland,"ISMD23_LSSW,ISND23_LSSW,ISID23_LSSW"
6632,0-20000-0-06632,GRENCHEN,Switzerland,"ISND23_LSSW,ISID23_LSSW,ISMD23_LSSW"
6633,0-20000-0-06633,BUCHS / AARAU,Switzerland,"ISND23_LSSW,ISMD23_LSSW,ISID23_LSSW"
6635,0-20000-0-06635,KOPPIGEN,Switzerland,"ISMD23_LSSW,ISND23_LSSW,ISID23_LSSW"
6636,0-20000-0-06636,MUEHLEBERG,Switzerland,"ISMD23_LSSW,ISND23_LSSW,ISID23_LSSW"
6637,0-20000-0-06637,MEIRINGEN,Switzerland,"ISND23_LSSW,ISMD23_LSSW,ISID23_LSSW"
6638,0-20000-0-06638,LANGNAU I.E.,Switzerland,"ISMD23_LSSW,ISID23_LSSW,ISND23_LSSW"
6639,0-20000-0-06639,NAPF,Switzerland,"ISID23_LSSW,ISMD23_LSSW,ISND23_LSSW"
6640,0-20000-0-06640,MARSENS,Switzerland,"ISND23_LSSW,ISMD23_LSSW,ISID23_LSSW"
6641,0-20000-0-06641,MOEHLIN,Switzerland,"ISND23_LSSW,ISMD23_LSSW,ISID23_LSSW"
6642,0-20000-0-06642,BERGUEN / LATSCH,Switzerland,"ISMD23_LSSW,ISID23_LSSW,ISND23_LSSW"
6643,0-20000-0-06643,WYNAU,Switzerland,"ISND23_LSSW,ISMD23_LSSW,ISID23_LSSW"
6644,0-20000-0-06644,MOSEN,Switzerland,"ISND23_LSSW,ISMD23_LSSW,ISID23_LSSW"
6645,0-20000-0-06645,RUENENBERG,Switzerland,"ISND23_LSSW,ISMD23_LSSW,ISID23_LSSW"
6646,0-20000-0-06646,BEZNAU,Switzerland,"ISND23_LSSW,ISMD23_LSSW,ISID23_LSSW"
6647,0-20000-0-06647,WUERENLINGEN / PSI,Switzerland,"ISMD23_LSSW,ISND23_LSSW,ISID23_LSSW"
6648,0-20000-0-06648,EGOLZWIL,Switzerland,"ISND23_LSSW,ISMD23_LSSW,ISID23_LSSW"
6649,0-20000-0-06649,OBERRIET / KRIESSERN,Switzerland,"ISND23_LSSW,ISMD23_LSSW,ISID23_LSSW"
6650,0-20000-0-06650,LUZERN,Switzerland,"ISID23_LSSW,ISND23_LSSW,ISMD23_LSSW"
6651,0-20000-0-06651,SCHUEPFHEIM,Switzerland,"ISND23_LSSW,ISID23_LSSW,ISMD23_LSSW"
6652,0-20000-0-06652,FLUEHLI,Switzerland,"ISND23_LSSW,ISMD23_LSSW,ISID23_LSSW"
6653,0-20000-0-06653,GERSAU,Switzerland,"ISMD23_LSSW,ISND23_LSSW,ISID23_LSSW"
6654,0-20000-0-06654,SIMPLON-DORF,Switzerland,"ISND23_LSSW,ISMD23_LSSW,ISID23_LSSW"
6655,0-20000-0-06655,ENGELBERG,Switzerland,"ISND23_LSSW,ISID23_LSSW,ISMD23_LSSW"
6656,0-20000-0-06656,BRIENZ,Switzerland,"ISND23_LSSW,ISMD23_LSSW,ISID23_LSSW"
6657,0-20000-0-06657,GISWIL,Switzerland,"ISND23_LSSW,ISMD23_LSSW,ISID23_LSSW"
6659,0-20000-0-06659,PILATUS,Switzerland,"ISND23_LSSW,ISID23_LSSW,ISMD23_LSSW"
6660,0-20000-0-06660,ZUERICH / FLUNTERN,Switzerland,"ISMD23_LSSW,ISID23_LSSW,ISND23_LSSW"
6662,0-20000-0-06662,"SATTEL, SZ",Switzerland,"ISND23_LSSW,ISID23_LSSW,ISMD23_LSSW"
6663,0-20000-0-06663,VALS,Switzerland,"ISND23_LSSW,ISMD23_LSSW,ISID23_LSSW"
6664,0-20000-0-06664,ZUERICH / AFFOLTERN,Switzerland,"ISND23_LSSW,ISMD23_LSSW,ISID23_LSSW"
6665,0-20000-0-06665,LACHEN / GALGENEN,Switzerland,"ISMD23_LSSW,ISND23_LSSW,ISID23_LSSW"
6666,0-20000-0-06666,LEIBSTADT,Switzerland,"ISND23_LSSW,ISMD23_LSSW,ISID23_LSSW"
6668,0-20000-0-06668,GOESCHENEN,Switzerland,"ISMD23_LSSW,ISND23_LSSW,ISID23_LSSW"
6669,0-20000-0-06669,LAEGERN,Switzerland,"ISMD23_LSSW,ISID23_LSSW,ISND23_LSSW"
6670,0-20000-0-06670,ZUERICH / KLOTEN,Switzerland,"ISMD11_LSSW,ISND23_LSSW,ISID23_LSSW"
6671,0-20000-0-06671,STECKBORN,Switzerland,"ISID23_LSSW,ISND23_LSSW,ISMD23_LSSW"
6672,0-20000-0-06672,ALTDORF,Switzerland,"ISND23_LSSW,ISMD23_LSSW,ISID23_LSSW"
6673,0-20000-0-06673,WAEDENSWIL,Switzerland,"ISND23_LSSW,ISMD23_LSSW,ISID23_LSSW"
6674,0-20000-0-06674,CHAM,Switzerland,"ISMD23_LSSW,ISID23_LSSW,ISND23_LSSW"
6675,0-20000-0-06675,EINSIEDELN,Switzerland,"ISMD23_LSSW,ISND23_LSSW,ISID23_LSSW"
6676,0-20000-0-06676,OBERAEGERI,Switzerland,"ISMD23_LSSW,ISND23_LSSW,ISID23_LSSW"
6678,0-20000-0-06678,BISCHOFSZELL,Switzerland,"ISND23_LSSW,ISID23_LSSW,ISMD23_LSSW"
6679,0-20000-0-06679,AADORF / TAENIKON,Switzerland,"ISMD23_LSSW,ISID23_LSSW,ISND23_LSSW"
6680,0-20000-0-06680,SAENTIS,Switzerland,"ISND23_LSSW,ISMD11_LSSW,ISID23_LSSW"
6681,0-20000-0-06681,ST. GALLEN,Switzerland,"ISND23_LSSW,ISMD23_LSSW,ISID23_LSSW"
6682,0-20000-0-06682,ELM,Switzerland,"ISMD23_LSSW,ISND23_LSSW,ISID23_LSSW"
6683,0-20000-0-06683,SCHMERIKON,Switzerland,"ISID23_LSSW,ISMD23_LSSW,ISND23_LSSW"
6685,0-20000-0-06685,GLARUS,Switzerland,"ISMD23_LSSW,ISND23_LSSW,ISID23_LSSW"
6686,0-20000-0-06686,BAD RAGAZ,Switzerland,"ISND23_LSSW,ISMD23_LSSW,ISID23_LSSW"
6687,0-20000-0-06687,QUINTEN,Switzerland,"ISID23_LSSW,ISMD23_LSSW,ISND23_LSSW"
6688,0-20000-0-06688,CRAP MASEGN,Switzerland,"ISMD23_LSSW,ISID23_LSSW,ISND23_LSSW"
6689,0-20000-0-06689,HOERNLI,Switzerland,"ISID23_LSSW,ISND23_LSSW,ISMD23_LSSW"
6690,0-20000-0-06690,ALTENRHEIN,Switzerland,"ISND23_LSSW,ISMD23_LSSW,ISID23_LSSW"
6693,0-20000-0-06693,EBNAT-KAPPEL,Switzerland,"ISMD23_LSSW,ISID23_LSSW,ISND23_LSSW"
6695,0-20000-0-06695,ANDERMATT,Switzerland,"ISND23_LSSW,ISMD23_LSSW,ISID23_LSSW"
6700,0-20000-0-06700,GENEVE / COINTRIN,Switzerland,"ISND23_LSSW,ISMD11_LSSW,ISID23_LSSW"
6702,0-20000-0-06702,LA DOLE (6702-0),Switzerland,"ISND23_LSSW,ISMD23_LSSW,ISID23_LSSW"
6703,0-20000-0-06703,LES CHARBONNIERES,Switzerland,"ISMD23_LSSW,ISID23_LSSW,ISND23_LSSW"
6704,0-20000-0-06704,BIERE,Switzerland,"ISND23_LSSW,ISMD23_LSSW,ISID23_LSSW"
6705,0-20000-0-06705,NYON / CHANGINS,Switzerland,"ISID23_LSSW,ISMD23_LSSW,ISND23_LSSW"
6706,0-20000-0-06706,ST-PREX,Switzerland,"ISND23_LSSW,ISMD23_LSSW,ISID23_LSSW"
6707,0-20000-0-06707,VILLARS-TIERCELIN,Switzerland,"ISND23_LSSW,ISID23_LSSW,ISMD23_LSSW"
6708,0-20000-0-06708,ORON,Switzerland,"ISMD23_LSSW,ISND23_LSSW,ISID23_LSSW"
6709,0-20000-0-06709,BOUVERET,Switzerland,"ISND23_LSSW,ISMD23_LSSW,ISID23_LSSW"
6710,0-20000-0-06710,COURTELARY,Switzerland,"ISND23_LSSW,ISMD23_LSSW,ISID23_LSSW"
6711,0-20000-0-06711,PULLY,Switzerland,"ISND23_LSSW,ISID23_LSSW,ISMD23_LSSW"
6712,0-20000-0-06712,AIGLE,Switzerland,"ISND23_LSSW,ISMD23_LSSW,ISID23_LSSW"
6713,0-20000-0-06713,COL DES MOSSES,Switzerland,"ISMD23_LSSW,ISND23_LSSW,ISID23_LSSW"
6714,0-20000-0-06714,LES DIABLERETS,Switzerland,"ISND23_LSSW,ISMD23_LSSW,ISID23_LSSW"
6715,0-20000-0-06715,EVIONNAZ,Switzerland,"ISID23_LSSW,ISND23_LSSW,ISMD23_LSSW"
6716,0-20000-0-06716,MOTTEC,Switzerland,"ISMD23_LSSW,ISND23_LSSW,ISID23_LSSW"
6717,0-20000-0-06717,COL DU GRAND ST-BERNARD,Switzerland,"ISND23_LSSW,ISMD23_LSSW,ISID23_LSSW"
6720,0-20000-0-06720,SION (6720-0),Switzerland,"ISMD11_LSSW,ISND23_LSSW,ISID23_LSSW"
6721,0-20000-0-06721,BINN,Switzerland,"ISMD23_LSSW,ISND23_LSSW,ISID23_LSSW"
6722,0-20000-0-06722,EVOLENE / VILLA,Switzerland,"ISMD23_LSSW,ISND23_LSSW,ISID23_LSSW"
6723,0-20000-0-06723,LES ATTELAS,Switzerland,"ISID23_LSSW,ISMD23_LSSW,ISND23_LSSW"
6724,0-20000-0-06724,MONTANA,Switzerland,"ISMD23_LSSW,ISND23_LSSW,ISID23_LSSW"
6725,0-20000-0-06725,"BLATTEN, LOETSCHENTAL",Switzerland,"ISID23_LSSW,ISMD23_LSSW,ISND23_LSSW"
6727,0-20000-0-06727,VISP,Switzerland,"ISND23_LSSW,ISID23_LSSW,ISMD23_LSSW"
6728,0-20000-0-06728,GRAECHEN,Switzerland,"ISID23_LSSW,ISND23_LSSW,ISMD23_LSSW"
6730,0-20000-0-06730,JUNGFRAUJOCH,Switzerland,"ISMD23_LSSW,ISND23_LSSW,ISID23_LSSW"
6731,0-20000-0-06731,THUN,Switzerland,"ISND23_LSSW,ISID23_LSSW,ISMD23_LSSW"
6733,0-20000-0-06733,BOLTIGEN,Switzerland,"ISND23_LSSW,ISMD23_LSSW,ISID23_LSSW"
6734,0-20000-0-06734,INTERLAKEN,Switzerland,"ISMD23_LSSW,ISND23_LSSW,ISID23_LSSW"
6735,0-20000-0-06735,ADELBODEN,Switzerland,"ISMD23_LSSW,ISND23_LSSW,ISID23_LSSW"
6739,0-20000-0-06739,EGGISHORN,Switzerland,"ISID23_LSSW,ISMD23_LSSW,ISND23_LSSW"
6740,0-20000-0-06740,TITLIS,Switzerland,"ISND23_LSSW,ISID23_LSSW,ISMD23_LSSW"
6744,0-20000-0-06744,GRIMSEL HOSPIZ,Switzerland,"ISID23_LSSW,ISND23_LSSW,ISMD23_LSSW"
6745,0-20000-0-06745,ULRICHEN,Switzerland,"ISND23_LSSW,ISMD23_LSSW,ISID23_LSSW"
6747,0-20000-0-06747,MONTE ROSA,Switzerland,"ISID23_LSSW,ISMD23_LSSW,ISND23_LSSW"
6748,0-20000-0-06748,ZERMATT,Switzerland,"ISMD23_LSSW,ISND23_LSSW,ISID23_LSSW"
6749,0-20000-0-06749,GORNERGRAT,Switzerland,"ISID23_LSSW,ISMD23_LSSW,ISND23_LSSW"
6750,0-20000-0-06750,"GUETSCH, ANDERMATT",Switzerland,"ISND23_LSSW,ISMD23_LSSW,ISID23_LSSW"
6751,0-20000-0-06751,ROBIEI,Switzerland,"ISID23_LSSW,ISMD23_LSSW,ISND23_LSSW"
6752,0-20000-0-06752,CEVIO,Switzerland,"ISND23_LSSW,ISID23_LSSW,ISMD23_LSSW"
6753,0-20000-0-06753,PIOTTA,Switzerland,"ISND23_LSSW,ISMD23_LSSW,ISID23_LSSW"
6754,0-20000-0-06754,MATRO,Switzerland,"ISND23_LSSW,ISMD23_LSSW,ISID23_LSSW"
6756,0-20000-0-06756,ACQUAROSSA / COMPROVASCO,Switzerland,"ISMD23_LSSW,ISID23_LSSW,ISND23_LSSW"
6758,0-20000-0-06758,GRONO,Switzerland,"ISND23_LSSW,ISMD23_LSSW,ISID23_LSSW"
6759,0-20000-0-06759,CIMETTA,Switzerland,"ISID23_LSSW,ISMD23_LSSW,ISND23_LSSW"
6760,0-20000-0-06760,LOCARNO / MONTI,Switzerland,"ISMD11_LSSW,ISND23_LSSW,ISID23_LSSW"
6762,0-20000-0-06762,MAGADINO / CADENAZZO,Switzerland,"ISMD23_LSSW,ISID23_LSSW,ISND23_LSSW"
6770,0-20000-0-06770,LUGANO,Switzerland,"ISND23_LSSW,ISMD23_LSSW,ISID23_LSSW"
6771,0-20000-0-06771,STABIO,Switzerland,"ISID23_LSSW,ISND23_LSSW,ISMD23_LSSW"
6774,0-20000-0-06774,BIVIO,Switzerland,"ISND23_LSSW,ISMD23_LSSW,ISID23_LSSW"
6777,0-20000-0-06777,MONTE GENEROSO,Switzerland,"ISMD23_LSSW,ISID23_LSSW,ISND23_LSSW"
6778,0-20000-0-06778,BUFFALORA,Switzerland,"ISMD23_LSSW,ISND23_LSSW,ISID23_LSSW"
6779,0-20000-0-06779,SEGL-MARIA,Switzerland,"ISND23_LSSW,ISID23_LSSW,ISMD23_LSSW"
6780,0-20000-0-06780,WEISSFLUHJOCH,Switzerland,"ISND23_LSSW,ISMD23_LSSW,ISID23_LSSW"
6782,0-20000-0-06782,DISENTIS,Switzerland,"ISMD23_LSSW,ISID23_LSSW,ISND23_LSSW"
6783,0-20000-0-06783,S. BERNARDINO,Switzerland,"ISND23_LSSW,ISID23_LSSW,ISMD23_LSSW"
6784,0-20000-0-06784,DAVOS,Switzerland,"ISID23_LSSW,ISMD23_LSSW,ISND23_LSSW"
6785,0-20000-0-06785,AROSA,Switzerland,"ISND23_LSSW,ISMD23_LSSW,ISID23_LSSW"
6786,0-20000-0-06786,CHUR,Switzerland,"ISMD23_LSSW,ISID23_LSSW,ISND23_LSSW"
6787,0-20000-0-06787,ANDEER,Switzerland,"ISMD23_LSSW,ISND23_LSSW,ISID23_LSSW"
6788,0-20000-0-06788,VICOSOPRANO,Switzerland,"ISID23_LSSW,ISND23_LSSW,ISMD23_LSSW"
6789,0-20000-0-06789,ILANZ,Switzerland,"ISMD23_LSSW,ISND23_LSSW,ISID23_LSSW"
6790,0-20000-0-06790,SCHIERS,Switzerland,"ISID23_LSSW,ISMD23_LSSW,ISND23_LSSW"
6791,0-20000-0-06791,PIZ CORVATSCH,Switzerland,"ISND23_LSSW,ISMD23_LSSW,ISID23_LSSW"
6792,0-20000-0-06792,SAMEDAN,Switzerland,"ISND23_LSSW,ISID23_LSSW,ISMD23_LSSW"
6793,0-20000-0-06793,VALBELLA,Switzerland,"ISND23_LSSW,ISMD23_LSSW,ISID23_LSSW"
6794,0-20000-0-06794,POSCHIAVO / ROBBIA,Switzerland,"ISMD23_LSSW,ISID23_LSSW,ISND23_LSSW"
6795,0-20000-0-06795,PIZ MARTEGNAS,Switzerland,"ISND23_LSSW,ISMD23_LSSW,ISID23_LSSW"
6796,0-20000-0-06796,"STA. MARIA, VAL MUESTAIR",Switzerland,"ISMD23_LSSW,ISID23_LSSW,ISND23_LSSW"
6797,0-20000-0-06797,PASSO DEL BERNINA,Switzerland,"ISMD23_LSSW,ISND23_LSSW,ISID23_LSSW"
6798,0-20000-0-06798,SCUOL,Switzerland,"ISMD23_LSSW,ISID23_LSSW,ISND23_LSSW"
6799,0-20000-0-06799,NALUNS / SCHLIVERA,Switzerland,"ISND23_LSSW,ISID23_LSSW,ISMD23_LSSW"
6990,0-20000-0-06990,VADUZ,Switzerland,"ISID23_LSSW,ISND23_LSSW,ISMD11_LSSW"
81615,0-20000-0-81615,BOA VISTA (81615-0),Brazil,ISAI01_SBBR
81680,0-20000-0-81680,BELEM (81680-0),Brazil,ISAI01_SBBR
81682,0-20000-0-81682,CASTANHAL,Brazil,ISAI01_SBBR
81715,0-20000-0-81715,SAO LUIS,Brazil,ISAI01_SBBR
81730,0-20000-0-81730,MANAUS (81730-0),Brazil,ISAI01_SBBR
81758,0-20000-0-81758,FORTALEZA (81758-0),Brazil,ISAI01_SBBR
81774,0-20000-0-81774,SAO GONCALO (81774-0),Brazil,ISAI01_SBBR
81778,0-20000-0-81778,ITAITUBA (81778-0),Brazil,ISAI01_SBBR
81794,0-20000-0-81794,PIRIPIRI (81794-0),Brazil,ISAI01_SBBR
81820,0-20000-0-81820,MARABA (81820-0),Brazil,ISAI01_SBBR
81830,0-20000-0-81830,CRATEUS (81830-0),Brazil,ISAI01_SBBR
81839,0-20000-0-81839,NATAL (81839-0),Brazil,ISAI01_SBBR
81872,0-20000-0-81872,TAUA (81872-0),Brazil,ISAI01_SBBR
81875,0-20000-0-81875,CAICO,Brazil,ISAI01_SBBR
81908,0-20000-0-81908,PICOS (81908-0),Brazil,ISAI01_SBBR
81913,0-20000-0-81913,PATOS (81913-0),Brazil,ISAI01_SBBR
81918,0-20000-0-81918,JOAO PESSOA (81918-0),Brazil,ISAI01_SBBR
81958,0-20000-0-81958,RECIFE (81958-0),Brazil,ISAI01_SBBR
81992,0-20000-0-81992,UAUA,Brazil,ISAI01_SBBR
81994,0-20000-0-81994,PAO DE ACUCAR (81994-0),Brazil,ISAI01_SBBR
81995,0-20000-0-81995,PALMEIRA DOS INDIOS (81995-0),Brazil,ISAI01_SBBR
81998,0-20000-0-81998,MACEIO (81998-0),Brazil,ISAI01_SBBR
84370,0-20000-0-84370,TUMBES,Peru,"ISNI01_SPIM,ISMI01_SPIM,ISME01_SPIM,ISIE01_SPIM"
84401,0-20000-0-84401,PIURA,Peru,"ISII01_SPIM,ISMI01_SPIM,ISME01_SPIM,ISNI01_SPIM,ISIE01_SPIM"
84425,0-20000-0-84425,YURIMAGUAS,Peru,"ISMI01_SPIM,ISII01_SPIM,ISME01_SPIM,ISNI01_SPIM,ISIE01_SPIM"
84444,0-20000-0-84444,CHACHAPOYAS,Peru,"ISMI01_SPIM,ISNI01_SPIM,ISME01_SPIM"
84455,0-20000-0-84455,TARAPOTO,Peru,"ISII01_SPIM,ISME01_SPIM,ISMI01_SPIM,ISIE01_SPIM,ISNI01_SPIM"
84472,0-20000-0-84472,CAJAMARCA,Peru,"ISIE01_SPIM,ISMI01_SPIM,ISME01_SPIM,ISII01_SPIM,ISNI01_SPIM"
84474,0-20000-0-84474,JUANJUI,Peru,"ISMI01_SPIM,ISME01_SPIM"
84515,0-20000-0-84515,PUCALLPA,Peru,"ISME01_SPIM,ISNI01_SPIM,ISII01_SPIM,ISMI01_SPIM,ISIE01_SPIM"
84531,0-20000-0-84531,CHIMBOTE,Peru,"ISMI01_SPIM,ISME01_SPIM"
84534,0-20000-0-84534,TINGO MARIA,Peru,"ISME01_SPIM,ISMI01_SPIM,ISII01_SPIM,ISIE01_SPIM,ISNI01_SPIM"
84542,0-20000-0-84542,ANTA/HUARAZ,Peru,"ISME01_SPIM,ISMI01_SPIM,ISNI01_SPIM"
84564,0-20000-0-84564,HUANUCO,Peru,"ISNI01_SPIM,ISII01_SPIM,ISMI01_SPIM,ISME01_SPIM"
84658,0-20000-0-84658,PUERTO MALDONADO,Peru,"ISME01_SPIM,ISMI01_SPIM,ISNI01_SPIM"
84688,0-20000-0-84688,ANDAHUAYLAS,Peru,"ISME01_SPIM,ISMI01_SPIM"
84752,0-20000-0-84752,AREQUIPA,Peru,"ISMI01_SPIM,ISII01_SPIM,ISNI01_SPIM"
84782,0-20000-0-84782,TACNA,Peru,"ISMI01_SPIM,ISII01_SPIM,ISNI01_SPIM"
85223,0-20000-0-85223,COCHABAMBA,Bolivia,ISMI04_SLLP
85264,0-20000-0-85264,VALLEGRANDE,Bolivia,ISMI04_SLLP
85268,0-20000-0-85268,ROBORE,Bolivia,ISMI04_SLLP
85293,0-20000-0-85293,POTOSI,Bolivia,ISMI04_SLLP
85312,0-20000-0-85312,MONTEAGUDO,Bolivia,ISMI04_SLLP
85315,0-20000-0-85315,CAMIRI,Bolivia,ISMI04_SLLP
85345,0-20000-0-85345,VILLAMONTES,Bolivia,ISMI04_SLLP
85364,0-20000-0-85364,TARIJA,Bolivia,ISMI04_SLLP
85365,0-20000-0-85365,YACUIBA,Bolivia,ISMI04_SLLP
86033,0-20000-0-86033,BAHIA NEGRA,Paraguay,"ISMI01_SGAS,ISMX86_SBBR,ISII01_SGAS,ISMI86_SBBR"
86033,0-20000-0-86033,BAHIA NEGRA,Paraguay,"ISMI01_SGAS,ISII01_SGAS"
86033,0-20000-0-86033,BAHIA NEGRA,Paraguay,"ISII01_SGAS,ISMI01_SGAS"
86068,0-20000-0-86068,MARISCAL ESTIGARRIBIA,Paraguay,"ISII01_SGAS,ISMI01_SGAS,ISMX86_SBBR,ISMI02_SLLP,ISMI86_SBBR"
86068,0-20000-0-86068,MARISCAL ESTIGARRIBIA,Paraguay,"ISII01_SGAS,ISMI01_SGAS"
86086,0-20000-0-86086,PUERTO CASADO,Paraguay,"ISII01_SGAS,ISMX86_SBBR,ISMI02_SLLP,ISMI01_SGAS,ISMI86_SBBR"
86086,0-20000-0-86086,PUERTO CASADO,Paraguay,"ISMI01_SGAS,ISII01_SGAS"
86097,0-20000-0-86097,PEDRO JUAN CABALLERO,Paraguay,"ISMI01_SGAS,ISMI02_SLLP,ISMX86_SBBR,ISII01_SGAS,ISMI86_SBBR"
86097,0-20000-0-86097,PEDRO JUAN CABALLERO,Paraguay,"ISMI01_SGAS,ISII01_SGAS"
86128,0-20000-0-86128,POZO COLORADO,Paraguay,"ISMI01_SGAS,ISMX86_SBBR,ISII01_SGAS,ISMI02_SLLP"
86128,0-20000-0-86128,POZO COLORADO,Paraguay,"ISMI01_SGAS,ISII01_SGAS"
86134,0-20000-0-86134,CONCEPCION (86134-0),Paraguay,"ISMI01_SGAS,ISII01_SGAS,ISMX86_SBBR,ISMI02_SLLP,ISMI86_SBBR"
86134,0-20000-0-86134,CONCEPCION (86134-0),Paraguay,"ISMI01_SGAS,ISII01_SGAS"
86170,0-20000-0-86170,GRAL. BRUGUEZ,Paraguay,"ISMI01_SGAS,ISMX86_SBBR,ISMI02_SLLP,ISII01_SGAS,ISMI86_SBBR"
86170,0-20000-0-86170,GRAL. BRUGUEZ,Paraguay,"ISMI01_SGAS,ISII01_SGAS"
86185,0-20000-0-86185,SAN PEDRO (86185-0),Paraguay,"ISII01_SGAS,ISMI01_SGAS,ISMX86_SBBR,ISMI86_SBBR,ISMI02_SLLP"
86185,0-20000-0-86185,SAN PEDRO (86185-0),Paraguay,"ISII01_SGAS,ISMI01_SGAS"
86192,0-20000-0-86192,SAN ESTANISLAO,Paraguay,"ISMI86_SBBR,ISII01_SGAS,ISMX86_SBBR,ISMI01_SGAS,ISMI02_SLLP"
86192,0-20000-0-86192,SAN ESTANISLAO,Paraguay,"ISII01_SGAS,ISMI01_SGAS"
86192,0-20000-0-86192,SAN ESTANISLAO,Paraguay,"ISII01_SGAS,ISMI01_SGAS"
86210,0-20000-0-86210,SALTO DEL GUAIRA,Paraguay,"ISMI02_SLLP,ISMI01_SGAS,ISMX86_SBBR,ISII01_SGAS,ISMI86_SBBR"
86210,0-20000-0-86210,SALTO DEL GUAIRA,Paraguay,"ISMI01_SGAS,ISII01_SGAS"
86218,0-20000-0-86218,"AEROPUERTO SILVIO PETTIROSSI, LUQUE",Paraguay,"ISMX86_SBBR,ISMI01_SGAS,ISII01_SGAS,ISMI86_SBBR,ISMI02_SLLP"
86218,0-20000-0-86218,"AEROPUERTO SILVIO PETTIROSSI, LUQUE",Paraguay,"ISII01_SGAS,ISMI01_SGAS"
86221,0-20000-0-86221,PARAGUARI,Paraguay,"ISII01_SGAS,ISMI01_SGAS,ISIX01_SGAS,ISMI02_SLLP,ISMI00SEQU"
86221,0-20000-0-86221,PARAGUARI,Paraguay,"ISIX01_SGAS,ISII01_SGAS,ISMI01_SGAS"
86233,0-20000-0-86233,VILLARRICA,Paraguay,"ISII01_SGAS,ISMX86_SBBR,ISMI02_SLLP,ISMI86_SBBR,ISMI01_SGAS,ISMI00SEQU"
86233,0-20000-0-86233,VILLARRICA,Paraguay,"ISII01_SGAS,ISMI01_SGAS"
86234,0-20000-0-86234,CORONEL OVIEDO,Paraguay,"ISMI01_SGAS,ISII01_SGAS,ISMX86_SBBR,ISMI00SEQU,ISMI02_SLLP,ISMI86_SBBR"
86234,0-20000-0-86234,CORONEL OVIEDO,Paraguay,"ISII01_SGAS,ISMI01_SGAS"
86246,0-20000-0-86246,AEROPUERTO INT. GUARANI,Paraguay,"ISMI00SEQU,ISMI01_SGAS,ISMX86_SBBR,ISII01_SGAS,ISMI02_SLLP,ISMI86_SBBR"
86246,0-20000-0-86246,AEROPUERTO INT. GUARANI,Paraguay,"ISII01_SGAS,ISMI01_SGAS"
86255,0-20000-0-86255,PILAR,Paraguay,"ISII01_SGAS,ISMI02_SLLP,ISMI01_SGAS,ISMX86_SBBR,ISMI86_SBBR,ISMI00SEQU"
86255,0-20000-0-86255,PILAR,Paraguay,"ISII01_SGAS,ISMI01_SGAS"
86260,0-20000-0-86260,SAN JUAN BAUTISTA,Paraguay,"ISMI01_SGAS,ISII01_SGAS"
86260,0-20000-0-86260,SAN JUAN BAUTISTA,Paraguay,"ISMI01_SGAS,ISII01_SGAS"
86268,0-20000-0-86268,CAAZAPA,Paraguay,"ISMI01_SGAS,ISMI02_SLLP,ISII01_SGAS,ISMX86_SBBR,ISMI00SEQU,ISMI86_SBBR"
86268,0-20000-0-86268,CAAZAPA,Paraguay,"ISII01_SGAS,ISMI01_SGAS"
86285,0-20000-0-86285,CAPITAN MEZA,Paraguay,"ISII01_SGAS,ISMI01_SGAS,ISMX86_SBBR,ISMI00SEQU,ISMI02_SLLP,ISMI86_SBBR"
86285,0-20000-0-86285,CAPITAN MEZA,Paraguay,"ISII01_SGAS,ISMI01_SGAS"
86285,0-20000-0-86285,CAPITAN MEZA,Paraguay,"ISII01_SGAS,ISMI01_SGAS"
86297,0-20000-0-86297,ENCARNACION,Paraguay,"ISII01_SGAS,ISMX86_SBBR,ISMI02_SLLP,ISMI01_SGAS,ISMI86_SBBR,ISMI00SEQU"
86297,0-20000-0-86297,ENCARNACION,Paraguay,"ISMI01_SGAS,ISII01_SGAS"
86565,0-20000-0-86565,ROCHA,Uruguay,ISAI01_SBBR
86607,0-20000-0-86607,PALMAS (86607-0),Brazil,ISAI01_SBBR
86616,0-20000-0-86616,ARACAJU (86616-0),Brazil,ISAI01_SBBR
86618,0-20000-0-86618,BREJO GRANDE,Brazil,ISAI01_SBBR
86625,0-20000-0-86625,JUARA,Brazil,ISAI01_SBBR
86628,0-20000-0-86628,SAO FELIX DO ARAGUAIA,Brazil,ISAI01_SBBR
86636,0-20000-0-86636,JACOBINA (86636-0),Brazil,ISAI01_SBBR
86637,0-20000-0-86637,SERRINHA (86637-0),Brazil,ISAI01_SBBR
86638,0-20000-0-86638,ITABAIANINHA (86638-0),Brazil,ISAI01_SBBR
86643,0-20000-0-86643,NOVO MUNDO,Brazil,ISAI01_SBBR
86645,0-20000-0-86645,SORRISO,Brazil,ISAI01_SBBR
86650,0-20000-0-86650,PARANA (86650-0),Brazil,ISAI01_SBBR
86651,0-20000-0-86651,LUIS EDUARDO MAGALHAES,Brazil,ISAI01_SBBR
86653,0-20000-0-86653,IBOTIRAMA,Brazil,ISAI01_SBBR
86656,0-20000-0-86656,ITABERABA (86656-0),Brazil,ISAI01_SBBR
86658,0-20000-0-86658,FEIRA DE SANTANA (86658-0),Brazil,ISAI01_SBBR
86671,0-20000-0-86671,CORRENTINA (86671-0),Brazil,ISAI01_SBBR
86678,0-20000-0-86678,SALVADOR (86678-0),Brazil,ISAI01_SBBR
86689,0-20000-0-86689,ITAPACI,Brazil,ISAI01_SBBR
86691,0-20000-0-86691,ALTO PARAISO DE GOIAS,Brazil,ISAI01_SBBR
86696,0-20000-0-86696,BRUMADO,Brazil,ISAI01_SBBR
86697,0-20000-0-86697,VITORIA DA CONQUISTA (86697-0),Brazil,ISAI01_SBBR
86707,0-20000-0-86707,CAMPO VERDE,Brazil,ISAI01_SBBR
86715,0-20000-0-86715,BRASILIA (86715-0),Brazil,ISAI01_SBBR
86735,0-20000-0-86735,SILVANIA,Brazil,ISAI01_SBBR
86738,0-20000-0-86738,UNAI (86738-0),Brazil,ISAI01_SBBR
86740,0-20000-0-86740,MONTES CLAROS (86740-0),Brazil,ISAI01_SBBR
86743,0-20000-0-86743,ALMENARA,Brazil,ISAI01_SBBR
86745,0-20000-0-86745,PORTO SEGURO,Brazil,ISAI01_SBBR
86750,0-20000-0-86750,ALTO TAQUARI,Brazil,ISAI01_SBBR
86755,0-20000-0-86755,MORRINHOS,Brazil,ISAI01_SBBR
86776,0-20000-0-86776,UBERLANDIA,Brazil,ISAI01_SBBR
86777,0-20000-0-86777,CATALAO (86777-0),Brazil,ISAI01_SBBR
86780,0-20000-0-86780,CURVELO (86780-0),Brazil,ISAI01_SBBR
86782,0-20000-0-86782,GUANHAES,Brazil,ISAI01_SBBR
86783,0-20000-0-86783,GOVERNADOR VALADARES (86783-0),Brazil,ISAI01_SBBR
86797,0-20000-0-86797,DORES DO INDAIA,Brazil,ISAI01_SBBR
86798,0-20000-0-86798,FLORESTAL (86798-0),Brazil,ISAI01_SBBR
86801,0-20000-0-86801,TIMOTEO,Brazil,ISAI01_SBBR
86804,0-20000-0-86804,SANTA TEREZA,Brazil,ISAI01_SBBR
86805,0-20000-0-86805,LINHARES (86805-0),Brazil,ISAI01_SBBR
86810,0-20000-0-86810,CAMPO GRANDE (86810-0),Brazil,ISAI01_SBBR
86812,0-20000-0-86812,AGUA CLARA,Brazil,ISAI01_SBBR
86818,0-20000-0-86818,FRANCA (86818-0),Brazil,ISAI01_SBBR
86819,0-20000-0-86819,PASSOS,Brazil,ISAI01_SBBR
86821,0-20000-0-86821,IBIRITE (ROLA MOCA),Brazil,ISAI01_SBBR
86823,0-20000-0-86823,OURO BRANCO,Brazil,ISAI01_SBBR
86829,0-20000-0-86829,ALFREDO CHAVES,Brazil,ISAI01_SBBR
86841,0-20000-0-86841,ARIRANHA,Brazil,ISAI01_SBBR
86849,0-20000-0-86849,SAO JOAO DEL-REI,Brazil,ISAI01_SBBR
86854,0-20000-0-86854,CAMBUCI,Brazil,ISAI01_SBBR
86859,0-20000-0-86859,JUTI,Brazil,ISAI01_SBBR
86860,0-20000-0-86860,IVINHEMA (86860-0),Brazil,ISAI01_SBBR
86865,0-20000-0-86865,BAURU,Brazil,ISAI01_SBBR
86866,0-20000-0-86866,OURINHOS,Brazil,ISAI01_SBBR
86874,0-20000-0-86874,RESENDE (86874-0),Brazil,ISAI01_SBBR
86877,0-20000-0-86877,XEREM,Brazil,ISAI01_SBBR
86878,0-20000-0-86878,SEROPEDICA-ECOLOGIA AGRICOLA,Brazil,ISAI01_SBBR
86887,0-20000-0-86887,RIO DE JANEIRO-FORTE DE COPACABANA,Brazil,ISAI01_SBBR
86892,0-20000-0-86892,ARRAIAL DO CABO,Brazil,ISAI01_SBBR
86897,0-20000-0-86897,ICARAIMA,Brazil,ISAI01_SBBR
86901,0-20000-0-86901,NOVA FATIMA,Brazil,ISAI01_SBBR
86905,0-20000-0-86905,ITAPEVA (86905-0),Brazil,ISAI01_SBBR
86910,0-20000-0-86910,SAO PAULO-MIRANTE DE SANTANA,Brazil,ISAI01_SBBR
86914,0-20000-0-86914,RIO DE JANEIRO-MARAMBAIA,Brazil,ISAI01_SBBR
86916,0-20000-0-86916,MARECHAL CANDIDO RONDON,Brazil,ISAI01_SBBR
86917,0-20000-0-86917,GOIOERE,Brazil,ISAI01_SBBR
86925,0-20000-0-86925,FOZ DO IGUACU,Brazil,ISAI01_SBBR
86953,0-20000-0-86953,PALMEIRA DAS MISSOES,Brazil,ISAI01_SBBR
86958,0-20000-0-86958,FLORIANOPOLIS-SAO JOSE,Brazil,ISAI01_SBBR
86961,0-20000-0-86961,SAO LUIZ GONZAGA (86961-0),Brazil,ISAI01_SBBR
86972,0-20000-0-86972,SANTA MARTA (86972-0),Brazil,ISAI01_SBBR
86976,0-20000-0-86976,SANTIAGO (86976-0),Brazil,ISAI01_SBBR
86977,0-20000-0-86977,SANTA MARIA (86977-0),Brazil,ISAI01_SBBR
86985,0-20000-0-86985,DOM PEDRITO,Brazil,ISAI01_SBBR
86989,0-20000-0-86989,CAMAQUA,Brazil,ISAI01_SBBR
