tsi,wsi,station_name,CountryArea,TTAAii_CCCC
6601,0-20000-0-06601,BASEL / BINNINGEN,Switzerland,"ISMD23LSSW,ISND23LSSW,ISID23LSSW"
6602,0-20000-0-06602,DELEMONT,Switzerland,"ISMD23LSSW,ISND23LSSW,ISID23LSSW"
6603,0-20000-0-06603,VEVEY,Switzerland,"ISID23LSSW,ISND23LSSW,ISMD23LSSW"
6604,0-20000-0-06604,NEUCHATEL,Switzerland,"ISID23LSSW,ISMD23LSSW,ISND23LSSW"
6605,0-20000-0-06605,CHASSERAL,Switzerland,"ISND23LSSW,ISMD23LSSW,ISID23LSSW"
6606,0-20000-0-06606,CRESSIER,Switzerland,"ISMD23LSSW,ISND23LSSW,ISID23LSSW"
6608,0-20000-0-06608,CHAUMONT,Switzerland,"ISMD23LSSW,ISID23LSSW,ISND23LSSW"
6609,0-20000-0-06609,LE MOLESON,Switzerland,"ISND23LSSW,ISID23LSSW,ISMD23LSSW"
6610,0-20000-0-06610,PAYERNE (6610-0),Switzerland,"ISND23LSSW,ISID21LSSW,ISMD01LSSW"
6612,0-20000-0-06612,LA CHAUX-DE-FONDS,Switzerland,"ISMD23LSSW,ISND23LSSW,ISID23LSSW"
6613,0-20000-0-06613,FRUTIGEN,Switzerland,"ISND23LSSW,ISMD23LSSW,ISID23LSSW"
6614,0-20000-0-06614,LES MARECOTTES,Switzerland,"ISND23LSSW,ISMD23LSSW,ISID23LSSW"
6615,0-20000-0-06615,"MONTAGNIER, BAGNES",Switzerland,"ISMD23LSSW,ISND23LSSW,ISID23LSSW"
6616,0-20000-0-06616,FAHY,Switzerland,"ISND23LSSW,ISMD23LSSW,ISID23LSSW"
6617,0-20000-0-06617,LA BREVINE,Switzerland,"ISND23LSSW,ISMD23LSSW,ISID23LSSW"
6618,0-20000-0-06618,MATHOD,Switzerland,"ISID23LSSW,ISND23LSSW,ISMD23LSSW"
6619,0-20000-0-06619,BULLET / LA FRETAZ,Switzerland,"ISND23LSSW,ISID23LSSW,ISMD23LSSW"
6620,0-20000-0-06620,SCHAFFHAUSEN,Switzerland,"ISMD23LSSW,ISND23LSSW,ISID23LSSW"
6621,0-20000-0-06621,GUETTINGEN,Switzerland,"ISND23LSSW,ISMD23LSSW,ISID23LSSW"
6623,0-20000-0-06623,SALEN-REUTENEN,Switzerland,"ISMD23LSSW,ISID23LSSW,ISND23LSSW"
6624,0-20000-0-06624,HALLAU,Switzerland,"ISND23LSSW,ISID23LSSW,ISMD23LSSW"
6625,0-20000-0-06625,FRIBOURG / POSIEUX,Switzerland,"ISMD23LSSW,ISND23LSSW,ISID23LSSW"
6626,0-20000-0-06626,GOESGEN,Switzerland,"ISMD23LSSW,ISND23LSSW,ISID23LSSW"
6627,0-20000-0-06627,CHATEAU-D'OEX,Switzerland,"ISND23LSSW,ISMD23LSSW,ISID23LSSW"
6628,0-20000-0-06628,PLAFFEIEN,Switzerland,"ISND23LSSW,ISID23LSSW,ISMD23LSSW"
6631,0-20000-0-06631,BERN / ZOLLIKOFEN,Switzerland,"ISMD23LSSW,ISND23LSSW,ISID23LSSW"
6632,0-20000-0-06632,GRENCHEN,Switzerland,"ISND23LSSW,ISID23LSSW,ISMD23LSSW"
6633,0-20000-0-06633,BUCHS / AARAU,Switzerland,"ISND23LSSW,ISMD23LSSW,ISID23LSSW"
6635,0-20000-0-06635,KOPPIGEN,Switzerland,"ISMD23LSSW,ISND23LSSW,ISID23LSSW"
6636,0-20000-0-06636,MUEHLEBERG,Switzerland,"ISMD23LSSW,ISND23LSSW,ISID23LSSW"
6637,0-20000-0-06637,MEIRINGEN,Switzerland,"ISND23LSSW,ISMD23LSSW,ISID23LSSW"
6638,0-20000-0-06638,LANGNAU I.E.,Switzerland,"ISMD23LSSW,ISID23LSSW,ISND23LSSW"
6639,0-20000-0-06639,NAPF,Switzerland,"ISID23LSSW,ISMD23LSSW,ISND23LSSW"
6640,0-20000-0-06640,MARSENS,Switzerland,"ISND23LSSW,ISMD23LSSW,ISID23LSSW"
6641,0-20000-0-06641,MOEHLIN,Switzerland,"ISND23LSSW,ISMD23LSSW,ISID23LSSW"
6642,0-20000-0-06642,BERGUEN / LATSCH,Switzerland,"ISMD23LSSW,ISID23LSSW,ISND23LSSW"
6643,0-20000-0-06643,WYNAU,Switzerland,"ISND23LSSW,ISMD23LSSW,ISID23LSSW"
6644,0-20000-0-06644,MOSEN,Switzerland,"ISND23LSSW,ISMD23LSSW,ISID23LSSW"
6645,0-20000-0-06645,RUENENBERG,Switzerland,"ISND23LSSW,ISMD23LSSW,ISID23LSSW"
6646,0-20000-0-06646,BEZNAU,Switzerland,"ISND23LSSW,ISMD23LSSW,ISID23LSSW"
6647,0-20000-0-06647,WUERENLINGEN / PSI,Switzerland,"ISMD23LSSW,ISND23LSSW,ISID23LSSW"
6648,0-20000-0-06648,EGOLZWIL,Switzerland,"ISND23LSSW,ISMD23LSSW,ISID23LSSW"
6649,0-20000-0-06649,OBERRIET / KRIESSERN,Switzerland,"ISND23LSSW,ISMD23LSSW,ISID23LSSW"
6650,0-20000-0-06650,LUZERN,Switzerland,"ISID23LSSW,ISND23LSSW,ISMD23LSSW"
6651,0-20000-0-06651,SCHUEPFHEIM,Switzerland,"ISND23LSSW,ISID23LSSW,ISMD23LSSW"
6652,0-20000-0-06652,FLUEHLI,Switzerland,"ISND23LSSW,ISMD23LSSW,ISID23LSSW"
6653,0-20000-0-06653,GERSAU,Switzerland,"ISMD23LSSW,ISND23LSSW,ISID23LSSW"
6654,0-20000-0-06654,SIMPLON-DORF,Switzerland,"ISND23LSSW,ISMD23LSSW,ISID23LSSW"
6655,0-20000-0-06655,ENGELBERG,Switzerland,"ISND23LSSW,ISID23LSSW,ISMD23LSSW"
6656,0-20000-0-06656,BRIENZ,Switzerland,"ISND23LSSW,ISMD23LSSW,ISID23LSSW"
6657,0-20000-0-06657,GISWIL,Switzerland,"ISND23LSSW,ISMD23LSSW,ISID23LSSW"
6659,0-20000-0-06659,PILATUS,Switzerland,"ISND23LSSW,ISID23LSSW,ISMD23LSSW"
6660,0-20000-0-06660,ZUERICH / FLUNTERN,Switzerland,"ISMD23LSSW,ISID23LSSW,ISND23LSSW"
6662,0-20000-0-06662,"SATTEL, SZ",Switzerland,"ISND23LSSW,ISID23LSSW,ISMD23LSSW"
6663,0-20000-0-06663,VALS,Switzerland,"ISND23LSSW,ISMD23LSSW,ISID23LSSW"
6664,0-20000-0-06664,ZUERICH / AFFOLTERN,Switzerland,"ISND23LSSW,ISMD23LSSW,ISID23LSSW"
6665,0-20000-0-06665,LACHEN / GALGENEN,Switzerland,"ISMD23LSSW,ISND23LSSW,ISID23LSSW"
6666,0-20000-0-06666,LEIBSTADT,Switzerland,"ISND23LSSW,ISMD23LSSW,ISID23LSSW"
6668,0-20000-0-06668,GOESCHENEN,Switzerland,"ISMD23LSSW,ISND23LSSW,ISID23LSSW"
6669,0-20000-0-06669,LAEGERN,Switzerland,"ISMD23LSSW,ISID23LSSW,ISND23LSSW"
6670,0-20000-0-06670,ZUERICH / KLOTEN,Switzerland,"ISMD11LSSW,ISND23LSSW,ISID23LSSW"
6671,0-20000-0-06671,STECKBORN,Switzerland,"ISID23LSSW,ISND23LSSW,ISMD23LSSW"
6672,0-20000-0-06672,ALTDORF,Switzerland,"ISND23LSSW,ISMD23LSSW,ISID23LSSW"
6673,0-20000-0-06673,WAEDENSWIL,Switzerland,"ISND23LSSW,ISMD23LSSW,ISID23LSSW"
6674,0-20000-0-06674,CHAM,Switzerland,"ISMD23LSSW,ISID23LSSW,ISND23LSSW"
6675,0-20000-0-06675,EINSIEDELN,Switzerland,"ISMD23LSSW,ISND23LSSW,ISID23LSSW"
6676,0-20000-0-06676,OBERAEGERI,Switzerland,"ISMD23LSSW,ISND23LSSW,ISID23LSSW"
6678,0-20000-0-06678,BISCHOFSZELL,Switzerland,"ISND23LSSW,ISID23LSSW,ISMD23LSSW"
6679,0-20000-0-06679,AADORF / TAENIKON,Switzerland,"ISMD23LSSW,ISID23LSSW,ISND23LSSW"
6680,0-20000-0-06680,SAENTIS,Switzerland,"ISND23LSSW,ISMD11LSSW,ISID23LSSW"
6681,0-20000-0-06681,ST. GALLEN,Switzerland,"ISND23LSSW,ISMD23LSSW,ISID23LSSW"
6682,0-20000-0-06682,ELM,Switzerland,"ISMD23LSSW,ISND23LSSW,ISID23LSSW"
6683,0-20000-0-06683,SCHMERIKON,Switzerland,"ISID23LSSW,ISMD23LSSW,ISND23LSSW"
6685,0-20000-0-06685,GLARUS,Switzerland,"ISMD23LSSW,ISND23LSSW,ISID23LSSW"
6686,0-20000-0-06686,BAD RAGAZ,Switzerland,"ISND23LSSW,ISMD23LSSW,ISID23LSSW"
6687,0-20000-0-06687,QUINTEN,Switzerland,"ISID23LSSW,ISMD23LSSW,ISND23LSSW"
6688,0-20000-0-06688,CRAP MASEGN,Switzerland,"ISMD23LSSW,ISID23LSSW,ISND23LSSW"
6689,0-20000-0-06689,HOERNLI,Switzerland,"ISID23LSSW,ISND23LSSW,ISMD23LSSW"
6690,0-20000-0-06690,ALTENRHEIN,Switzerland,"ISND23LSSW,ISMD23LSSW,ISID23LSSW"
6693,0-20000-0-06693,EBNAT-KAPPEL,Switzerland,"ISMD23LSSW,ISID23LSSW,ISND23LSSW"
6695,0-20000-0-06695,ANDERMATT,Switzerland,"ISND23LSSW,ISMD23LSSW,ISID23LSSW"
6700,0-20000-0-06700,GENEVE / COINTRIN,Switzerland,"ISND23LSSW,ISMD11LSSW,ISID23LSSW"
6702,0-20000-0-06702,LA DOLE (6702-0),Switzerland,"ISND23LSSW,ISMD23LSSW,ISID23LSSW"
6703,0-20000-0-06703,LES CHARBONNIERES,Switzerland,"ISMD23LSSW,ISID23LSSW,ISND23LSSW"
6704,0-20000-0-06704,BIERE,Switzerland,"ISND23LSSW,ISMD23LSSW,ISID23LSSW"
6705,0-20000-0-06705,NYON / CHANGINS,Switzerland,"ISID23LSSW,ISMD23LSSW,ISND23LSSW"
6706,0-20000-0-06706,ST-PREX,Switzerland,"ISND23LSSW,ISMD23LSSW,ISID23LSSW"
6707,0-20000-0-06707,VILLARS-TIERCELIN,Switzerland,"ISND23LSSW,ISID23LSSW,ISMD23LSSW"
6708,0-20000-0-06708,ORON,Switzerland,"ISMD23LSSW,ISND23LSSW,ISID23LSSW"
6709,0-20000-0-06709,BOUVERET,Switzerland,"ISND23LSSW,ISMD23LSSW,ISID23LSSW"
6710,0-20000-0-06710,COURTELARY,Switzerland,"ISND23LSSW,ISMD23LSSW,ISID23LSSW"
6711,0-20000-0-06711,PULLY,Switzerland,"ISND23LSSW,ISID23LSSW,ISMD23LSSW"
6712,0-20000-0-06712,AIGLE,Switzerland,"ISND23LSSW,ISMD23LSSW,ISID23LSSW"
6713,0-20000-0-06713,COL DES MOSSES,Switzerland,"ISMD23LSSW,ISND23LSSW,ISID23LSSW"
6714,0-20000-0-06714,LES DIABLERETS,Switzerland,"ISND23LSSW,ISMD23LSSW,ISID23LSSW"
6715,0-20000-0-06715,EVIONNAZ,Switzerland,"ISID23LSSW,ISND23LSSW,ISMD23LSSW"
6716,0-20000-0-06716,MOTTEC,Switzerland,"ISMD23LSSW,ISND23LSSW,ISID23LSSW"
6717,0-20000-0-06717,COL DU GRAND ST-BERNARD,Switzerland,"ISND23LSSW,ISMD23LSSW,ISID23LSSW"
6720,0-20000-0-06720,SION (6720-0),Switzerland,"ISMD11LSSW,ISND23LSSW,ISID23LSSW"
6721,0-20000-0-06721,BINN,Switzerland,"ISMD23LSSW,ISND23LSSW,ISID23LSSW"
6722,0-20000-0-06722,EVOLENE / VILLA,Switzerland,"ISMD23LSSW,ISND23LSSW,ISID23LSSW"
6723,0-20000-0-06723,LES ATTELAS,Switzerland,"ISID23LSSW,ISMD23LSSW,ISND23LSSW"
6724,0-20000-0-06724,MONTANA,Switzerland,"ISMD23LSSW,ISND23LSSW,ISID23LSSW"
6725,0-20000-0-06725,"BLATTEN, LOETSCHENTAL",Switzerland,"ISID23LSSW,ISMD23LSSW,ISND23LSSW"
6727,0-20000-0-06727,VISP,Switzerland,"ISND23LSSW,ISID23LSSW,ISMD23LSSW"
6728,0-20000-0-06728,GRAECHEN,Switzerland,"ISID23LSSW,ISND23LSSW,ISMD23LSSW"
6730,0-20000-0-06730,JUNGFRAUJOCH,Switzerland,"ISMD23LSSW,ISND23LSSW,ISID23LSSW"
6731,0-20000-0-06731,THUN,Switzerland,"ISND23LSSW,ISID23LSSW,ISMD23LSSW"
6733,0-20000-0-06733,BOLTIGEN,Switzerland,"ISND23LSSW,ISMD23LSSW,ISID23LSSW"
6734,0-20000-0-06734,INTERLAKEN,Switzerland,"ISMD23LSSW,ISND23LSSW,ISID23LSSW"
6735,0-20000-0-06735,ADELBODEN,Switzerland,"ISMD23LSSW,ISND23LSSW,ISID23LSSW"
6739,0-20000-0-06739,EGGISHORN,Switzerland,"ISID23LSSW,ISMD23LSSW,ISND23LSSW"
6740,0-20000-0-06740,TITLIS,Switzerland,"ISND23LSSW,ISID23LSSW,ISMD23LSSW"
6744,0-20000-0-06744,GRIMSEL HOSPIZ,Switzerland,"ISID23LSSW,ISND23LSSW,ISMD23LSSW"
6745,0-20000-0-06745,ULRICHEN,Switzerland,"ISND23LSSW,ISMD23LSSW,ISID23LSSW"
6747,0-20000-0-06747,MONTE ROSA,Switzerland,"ISID23LSSW,ISMD23LSSW,ISND23LSSW"
6748,0-20000-0-06748,ZERMATT,Switzerland,"ISMD23LSSW,ISND23LSSW,ISID23LSSW"
6749,0-20000-0-06749,GORNERGRAT,Switzerland,"ISID23LSSW,ISMD23LSSW,ISND23LSSW"
6750,0-20000-0-06750,"GUETSCH, ANDERMATT",Switzerland,"ISND23LSSW,ISMD23LSSW,ISID23LSSW"
6751,0-20000-0-06751,ROBIEI,Switzerland,"ISID23LSSW,ISMD23LSSW,ISND23LSSW"
6752,0-20000-0-06752,CEVIO,Switzerland,"ISND23LSSW,ISID23LSSW,ISMD23LSSW"
6753,0-20000-0-06753,PIOTTA,Switzerland,"ISND23LSSW,ISMD23LSSW,ISID23LSSW"
6754,0-20000-0-06754,MATRO,Switzerland,"ISND23LSSW,ISMD23LSSW,ISID23LSSW"
6756,0-20000-0-06756,ACQUAROSSA / COMPROVASCO,Switzerland,"ISMD23LSSW,ISID23LSSW,ISND23LSSW"
6758,0-20000-0-06758,GRONO,Switzerland,"ISND23LSSW,ISMD23LSSW,ISID23LSSW"
6759,0-20000-0-06759,CIMETTA,Switzerland,"ISID23LSSW,ISMD23LSSW,ISND23LSSW"
6760,0-20000-0-06760,LOCARNO / MONTI,Switzerland,"ISMD11LSSW,ISND23LSSW,ISID23LSSW"
6762,0-20000-0-06762,MAGADINO / CADENAZZO,Switzerland,"ISMD23LSSW,ISID23LSSW,ISND23LSSW"
6770,0-20000-0-06770,LUGANO,Switzerland,"ISND23LSSW,ISMD23LSSW,ISID23LSSW"
6771,0-20000-0-06771,STABIO,Switzerland,"ISID23LSSW,ISND23LSSW,ISMD23LSSW"
6774,0-20000-0-06774,BIVIO,Switzerland,"ISND23LSSW,ISMD23LSSW,ISID23LSSW"
6777,0-20000-0-06777,MONTE GENEROSO,Switzerland,"ISMD23LSSW,ISID23LSSW,ISND23LSSW"
6778,0-20000-0-06778,BUFFALORA,Switzerland,"ISMD23LSSW,ISND23LSSW,ISID23LSSW"
6779,0-20000-0-06779,SEGL-MARIA,Switzerland,"ISND23LSSW,ISID23LSSW,ISMD23LSSW"
6780,0-20000-0-06780,WEISSFLUHJOCH,Switzerland,"ISND23LSSW,ISMD23LSSW,ISID23LSSW"
6782,0-20000-0-06782,DISENTIS,Switzerland,"ISMD23LSSW,ISID23LSSW,ISND23LSSW"
6783,0-20000-0-06783,S. BERNARDINO,Switzerland,"ISND23LSSW,ISID23LSSW,ISMD23LSSW"
6784,0-20000-0-06784,DAVOS,Switzerland,"ISID23LSSW,ISMD23LSSW,ISND23LSSW"
6785,0-20000-0-06785,AROSA,Switzerland,"ISND23LSSW,ISMD23LSSW,ISID23LSSW"
6786,0-20000-0-06786,CHUR,Switzerland,"ISMD23LSSW,ISID23LSSW,ISND23LSSW"
6787,0-20000-0-06787,ANDEER,Switzerland,"ISMD23LSSW,ISND23LSSW,ISID23LSSW"
6788,0-20000-0-06788,VICOSOPRANO,Switzerland,"ISID23LSSW,ISND23LSSW,ISMD23LSSW"
6789,0-20000-0-06789,ILANZ,Switzerland,"ISMD23LSSW,ISND23LSSW,ISID23LSSW"
6790,0-20000-0-06790,SCHIERS,Switzerland,"ISID23LSSW,ISMD23LSSW,ISND23LSSW"
6791,0-20000-0-06791,PIZ CORVATSCH,Switzerland,"ISND23LSSW,ISMD23LSSW,ISID23LSSW"
6792,0-20000-0-06792,SAMEDAN,Switzerland,"ISND23LSSW,ISID23LSSW,ISMD23LSSW"
6793,0-20000-0-06793,VALBELLA,Switzerland,"ISND23LSSW,ISMD23LSSW,ISID23LSSW"
6794,0-20000-0-06794,POSCHIAVO / ROBBIA,Switzerland,"ISMD23LSSW,ISID23LSSW,ISND23LSSW"
6795,0-20000-0-06795,PIZ MARTEGNAS,Switzerland,"ISND23LSSW,ISMD23LSSW,ISID23LSSW"
6796,0-20000-0-06796,"STA. MARIA, VAL MUESTAIR",Switzerland,"ISMD23LSSW,ISID23LSSW,ISND23LSSW"
6797,0-20000-0-06797,PASSO DEL BERNINA,Switzerland,"ISMD23LSSW,ISND23LSSW,ISID23LSSW"
6798,0-20000-0-06798,SCUOL,Switzerland,"ISMD23LSSW,ISID23LSSW,ISND23LSSW"
6799,0-20000-0-06799,NALUNS / SCHLIVERA,Switzerland,"ISND23LSSW,ISID23LSSW,ISMD23LSSW"
6990,0-20000-0-06990,VADUZ,Switzerland,"ISID23LSSW,ISND23LSSW,ISMD11LSSW"
81615,0-20000-0-81615,BOA VISTA (81615-0),Brazil,ISAI01SBBR
81680,0-20000-0-81680,BELEM (81680-0),Brazil,ISAI01SBBR
81682,0-20000-0-81682,CASTANHAL,Brazil,ISAI01SBBR
81715,0-20000-0-81715,SAO LUIS,Brazil,ISAI01SBBR
81730,0-20000-0-81730,MANAUS (81730-0),Brazil,ISAI01SBBR
81758,0-20000-0-81758,FORTALEZA (81758-0),Brazil,ISAI01SBBR
81774,0-20000-0-81774,SAO GONCALO (81774-0),Brazil,ISAI01SBBR
81778,0-20000-0-81778,ITAITUBA (81778-0),Brazil,ISAI01SBBR
81794,0-20000-0-81794,PIRIPIRI (81794-0),Brazil,ISAI01SBBR
81820,0-20000-0-81820,MARABA (81820-0),Brazil,ISAI01SBBR
81830,0-20000-0-81830,CRATEUS (81830-0),Brazil,ISAI01SBBR
81839,0-20000-0-81839,NATAL (81839-0),Brazil,ISAI01SBBR
81872,0-20000-0-81872,TAUA (81872-0),Brazil,ISAI01SBBR
81875,0-20000-0-81875,CAICO,Brazil,ISAI01SBBR
81908,0-20000-0-81908,PICOS (81908-0),Brazil,ISAI01SBBR
81913,0-20000-0-81913,PATOS (81913-0),Brazil,ISAI01SBBR
81918,0-20000-0-81918,JOAO PESSOA (81918-0),Brazil,ISAI01SBBR
81958,0-20000-0-81958,RECIFE (81958-0),Brazil,ISAI01SBBR
81992,0-20000-0-81992,UAUA,Brazil,ISAI01SBBR
81994,0-20000-0-81994,PAO DE ACUCAR (81994-0),Brazil,ISAI01SBBR
81995,0-20000-0-81995,PALMEIRA DOS INDIOS (81995-0),Brazil,ISAI01SBBR
81998,0-20000-0-81998,MACEIO (81998-0),Brazil,ISAI01SBBR
84370,0-20000-0-84370,TUMBES,Peru,"ISNI01SPIM,ISMI01SPIM,ISME01SPIM,ISIE01SPIM"
84401,0-20000-0-84401,PIURA,Peru,"ISII01SPIM,ISMI01SPIM,ISME01SPIM,ISNI01SPIM,ISIE01SPIM"
84425,0-20000-0-84425,YURIMAGUAS,Peru,"ISMI01SPIM,ISII01SPIM,ISME01SPIM,ISNI01SPIM,ISIE01SPIM"
84444,0-20000-0-84444,CHACHAPOYAS,Peru,"ISMI01SPIM,ISNI01SPIM,ISME01SPIM"
84455,0-20000-0-84455,TARAPOTO,Peru,"ISII01SPIM,ISME01SPIM,ISMI01SPIM,ISIE01SPIM,ISNI01SPIM"
84472,0-20000-0-84472,CAJAMARCA,Peru,"ISIE01SPIM,ISMI01SPIM,ISME01SPIM,ISII01SPIM,ISNI01SPIM"
84474,0-20000-0-84474,JUANJUI,Peru,"ISMI01SPIM,ISME01SPIM"
84515,0-20000-0-84515,PUCALLPA,Peru,"ISME01SPIM,ISNI01SPIM,ISII01SPIM,ISMI01SPIM,ISIE01SPIM"
84531,0-20000-0-84531,CHIMBOTE,Peru,"ISMI01SPIM,ISME01SPIM"
84534,0-20000-0-84534,TINGO MARIA,Peru,"ISME01SPIM,ISMI01SPIM,ISII01SPIM,ISIE01SPIM,ISNI01SPIM"
84542,0-20000-0-84542,ANTA/HUARAZ,Peru,"ISME01SPIM,ISMI01SPIM,ISNI01SPIM"
84564,0-20000-0-84564,HUANUCO,Peru,"ISNI01SPIM,ISII01SPIM,ISMI01SPIM,ISME01SPIM"
84658,0-20000-0-84658,PUERTO MALDONADO,Peru,"ISME01SPIM,ISMI01SPIM,ISNI01SPIM"
84688,0-20000-0-84688,ANDAHUAYLAS,Peru,"ISME01SPIM,ISMI01SPIM"
84752,0-20000-0-84752,AREQUIPA,Peru,"ISMI01SPIM,ISII01SPIM,ISNI01SPIM"
84782,0-20000-0-84782,TACNA,Peru,"ISMI01SPIM,ISII01SPIM,ISNI01SPIM"
85223,0-20000-0-85223,COCHABAMBA,Bolivia,ISMI04SLLP
85264,0-20000-0-85264,VALLEGRANDE,Bolivia,ISMI04SLLP
85268,0-20000-0-85268,ROBORE,Bolivia,ISMI04SLLP
85293,0-20000-0-85293,POTOSI,Bolivia,ISMI04SLLP
85312,0-20000-0-85312,MONTEAGUDO,Bolivia,ISMI04SLLP
85315,0-20000-0-85315,CAMIRI,Bolivia,ISMI04SLLP
85345,0-20000-0-85345,VILLAMONTES,Bolivia,ISMI04SLLP
85364,0-20000-0-85364,TARIJA,Bolivia,ISMI04SLLP
85365,0-20000-0-85365,YACUIBA,Bolivia,ISMI04SLLP
86033,0-20000-0-86033,BAHIA NEGRA,Paraguay,"ISMI01SGAS,ISMX86SBBR,ISII01SGAS,ISMI86SBBR"
86033,0-20000-0-86033,BAHIA NEGRA,Paraguay,"ISMI01SGAS,ISII01SGAS"
86033,0-20000-0-86033,BAHIA NEGRA,Paraguay,"ISII01SGAS,ISMI01SGAS"
86068,0-20000-0-86068,MARISCAL ESTIGARRIBIA,Paraguay,"ISII01SGAS,ISMI01SGAS,ISMX86SBBR,ISMI02SLLP,ISMI86SBBR"
86068,0-20000-0-86068,MARISCAL ESTIGARRIBIA,Paraguay,"ISII01SGAS,ISMI01SGAS"
86086,0-20000-0-86086,PUERTO CASADO,Paraguay,"ISII01SGAS,ISMX86SBBR,ISMI02SLLP,ISMI01SGAS,ISMI86SBBR"
86086,0-20000-0-86086,PUERTO CASADO,Paraguay,"ISMI01SGAS,ISII01SGAS"
86097,0-20000-0-86097,PEDRO JUAN CABALLERO,Paraguay,"ISMI01SGAS,ISMI02SLLP,ISMX86SBBR,ISII01SGAS,ISMI86SBBR"
86097,0-20000-0-86097,PEDRO JUAN CABALLERO,Paraguay,"ISMI01SGAS,ISII01SGAS"
86128,0-20000-0-86128,POZO COLORADO,Paraguay,"ISMI01SGAS,ISMX86SBBR,ISII01SGAS,ISMI02SLLP"
86128,0-20000-0-86128,POZO COLORADO,Paraguay,"ISMI01SGAS,ISII01SGAS"
86134,0-20000-0-86134,CONCEPCION (86134-0),Paraguay,"ISMI01SGAS,ISII01SGAS,ISMX86SBBR,ISMI02SLLP,ISMI86SBBR"
86134,0-20000-0-86134,CONCEPCION (86134-0),Paraguay,"ISMI01SGAS,ISII01SGAS"
86170,0-20000-0-86170,GRAL. BRUGUEZ,Paraguay,"ISMI01SGAS,ISMX86SBBR,ISMI02SLLP,ISII01SGAS,ISMI86SBBR"
86170,0-20000-0-86170,GRAL. BRUGUEZ,Paraguay,"ISMI01SGAS,ISII01SGAS"
86185,0-20000-0-86185,SAN PEDRO (86185-0),Paraguay,"ISII01SGAS,ISMI01SGAS,ISMX86SBBR,ISMI86SBBR,ISMI02SLLP"
86185,0-20000-0-86185,SAN PEDRO (86185-0),Paraguay,"ISII01SGAS,ISMI01SGAS"
86192,0-20000-0-86192,SAN ESTANISLAO,Paraguay,"ISMI86SBBR,ISII01SGAS,ISMX86SBBR,ISMI01SGAS,ISMI02SLLP"
86192,0-20000-0-86192,SAN ESTANISLAO,Paraguay,"ISII01SGAS,ISMI01SGAS"
86192,0-20000-0-86192,SAN ESTANISLAO,Paraguay,"ISII01SGAS,ISMI01SGAS"
86210,0-20000-0-86210,SALTO DEL GUAIRA,Paraguay,"ISMI02SLLP,ISMI01SGAS,ISMX86SBBR,ISII01SGAS,ISMI86SBBR"
86210,0-20000-0-86210,SALTO DEL GUAIRA,Paraguay,"ISMI01SGAS,ISII01SGAS"
86218,0-20000-0-86218,"AEROPUERTO SILVIO PETTIROSSI, LUQUE",Paraguay,"ISMX86SBBR,ISMI01SGAS,ISII01SGAS,ISMI86SBBR,ISMI02SLLP"
86218,0-20000-0-86218,"AEROPUERTO SILVIO PETTIROSSI, LUQUE",Paraguay,"ISII01SGAS,ISMI01SGAS"
86221,0-20000-0-86221,PARAGUARI,Paraguay,"ISII01SGAS,ISMI01SGAS,ISIX01SGAS,ISMI02SLLP,ISMI00SEQU"
86221,0-20000-0-86221,PARAGUARI,Paraguay,"ISIX01SGAS,ISII01SGAS,ISMI01SGAS"
86233,0-20000-0-86233,VILLARRICA,Paraguay,"ISII01SGAS,ISMX86SBBR,ISMI02SLLP,ISMI86SBBR,ISMI01SGAS,ISMI00SEQU"
86233,0-20000-0-86233,VILLARRICA,Paraguay,"ISII01SGAS,ISMI01SGAS"
86234,0-20000-0-86234,CORONEL OVIEDO,Paraguay,"ISMI01SGAS,ISII01SGAS,ISMX86SBBR,ISMI00SEQU,ISMI02SLLP,ISMI86SBBR"
86234,0-20000-0-86234,CORONEL OVIEDO,Paraguay,"ISII01SGAS,ISMI01SGAS"
86246,0-20000-0-86246,AEROPUERTO INT. GUARANI,Paraguay,"ISMI00SEQU,ISMI01SGAS,ISMX86SBBR,ISII01SGAS,ISMI02SLLP,ISMI86SBBR"
86246,0-20000-0-86246,AEROPUERTO INT. GUARANI,Paraguay,"ISII01SGAS,ISMI01SGAS"
86255,0-20000-0-86255,PILAR,Paraguay,"ISII01SGAS,ISMI02SLLP,ISMI01SGAS,ISMX86SBBR,ISMI86SBBR,ISMI00SEQU"
86255,0-20000-0-86255,PILAR,Paraguay,"ISII01SGAS,ISMI01SGAS"
86260,0-20000-0-86260,SAN JUAN BAUTISTA,Paraguay,"ISMI01SGAS,ISII01SGAS"
86260,0-20000-0-86260,SAN JUAN BAUTISTA,Paraguay,"ISMI01SGAS,ISII01SGAS"
86268,0-20000-0-86268,CAAZAPA,Paraguay,"ISMI01SGAS,ISMI02SLLP,ISII01SGAS,ISMX86SBBR,ISMI00SEQU,ISMI86SBBR"
86268,0-20000-0-86268,CAAZAPA,Paraguay,"ISII01SGAS,ISMI01SGAS"
86285,0-20000-0-86285,CAPITAN MEZA,Paraguay,"ISII01SGAS,ISMI01SGAS,ISMX86SBBR,ISMI00SEQU,ISMI02SLLP,ISMI86SBBR"
86285,0-20000-0-86285,CAPITAN MEZA,Paraguay,"ISII01SGAS,ISMI01SGAS"
86285,0-20000-0-86285,CAPITAN MEZA,Paraguay,"ISII01SGAS,ISMI01SGAS"
86297,0-20000-0-86297,ENCARNACION,Paraguay,"ISII01SGAS,ISMX86SBBR,ISMI02SLLP,ISMI01SGAS,ISMI86SBBR,ISMI00SEQU"
86297,0-20000-0-86297,ENCARNACION,Paraguay,"ISMI01SGAS,ISII01SGAS"
86565,0-20000-0-86565,ROCHA,Uruguay,ISAI01SBBR
86607,0-20000-0-86607,PALMAS (86607-0),Brazil,ISAI01SBBR
86616,0-20000-0-86616,ARACAJU (86616-0),Brazil,ISAI01SBBR
86618,0-20000-0-86618,BREJO GRANDE,Brazil,ISAI01SBBR
86625,0-20000-0-86625,JUARA,Brazil,ISAI01SBBR
86628,0-20000-0-86628,SAO FELIX DO ARAGUAIA,Brazil,ISAI01SBBR
86636,0-20000-0-86636,JACOBINA (86636-0),Brazil,ISAI01SBBR
86637,0-20000-0-86637,SERRINHA (86637-0),Brazil,ISAI01SBBR
86638,0-20000-0-86638,ITABAIANINHA (86638-0),Brazil,ISAI01SBBR
86643,0-20000-0-86643,NOVO MUNDO,Brazil,ISAI01SBBR
86645,0-20000-0-86645,SORRISO,Brazil,ISAI01SBBR
86650,0-20000-0-86650,PARANA (86650-0),Brazil,ISAI01SBBR
86651,0-20000-0-86651,LUIS EDUARDO MAGALHAES,Brazil,ISAI01SBBR
86653,0-20000-0-86653,IBOTIRAMA,Brazil,ISAI01SBBR
86656,0-20000-0-86656,ITABERABA (86656-0),Brazil,ISAI01SBBR
86658,0-20000-0-86658,FEIRA DE SANTANA (86658-0),Brazil,ISAI01SBBR
86671,0-20000-0-86671,CORRENTINA (86671-0),Brazil,ISAI01SBBR
86678,0-20000-0-86678,SALVADOR (86678-0),Brazil,ISAI01SBBR
86689,0-20000-0-86689,ITAPACI,Brazil,ISAI01SBBR
86691,0-20000-0-86691,ALTO PARAISO DE GOIAS,Brazil,ISAI01SBBR
86696,0-20000-0-86696,BRUMADO,Brazil,ISAI01SBBR
86697,0-20000-0-86697,VITORIA DA CONQUISTA (86697-0),Brazil,ISAI01SBBR
86707,0-20000-0-86707,CAMPO VERDE,Brazil,ISAI01SBBR
86715,0-20000-0-86715,BRASILIA (86715-0),Brazil,ISAI01SBBR
86735,0-20000-0-86735,SILVANIA,Brazil,ISAI01SBBR
86738,0-20000-0-86738,UNAI (86738-0),Brazil,ISAI01SBBR
86740,0-20000-0-86740,MONTES CLAROS (86740-0),Brazil,ISAI01SBBR
86743,0-20000-0-86743,ALMENARA,Brazil,ISAI01SBBR
86745,0-20000-0-86745,PORTO SEGURO,Brazil,ISAI01SBBR
86750,0-20000-0-86750,ALTO TAQUARI,Brazil,ISAI01SBBR
86755,0-20000-0-86755,MORRINHOS,Brazil,ISAI01SBBR
86776,0-20000-0-86776,UBERLANDIA,Brazil,ISAI01SBBR
86777,0-20000-0-86777,CATALAO (86777-0),Brazil,ISAI01SBBR
86780,0-20000-0-86780,CURVELO (86780-0),Brazil,ISAI01SBBR
86782,0-20000-0-86782,GUANHAES,Brazil,ISAI01SBBR
86783,0-20000-0-86783,GOVERNADOR VALADARES (86783-0),Brazil,ISAI01SBBR
86797,0-20000-0-86797,DORES DO INDAIA,Brazil,ISAI01SBBR
86798,0-20000-0-86798,FLORESTAL (86798-0),Brazil,ISAI01SBBR
86801,0-20000-0-86801,TIMOTEO,Brazil,ISAI01SBBR
86804,0-20000-0-86804,SANTA TEREZA,Brazil,ISAI01SBBR
86805,0-20000-0-86805,LINHARES (86805-0),Brazil,ISAI01SBBR
86810,0-20000-0-86810,CAMPO GRANDE (86810-0),Brazil,ISAI01SBBR
86812,0-20000-0-86812,AGUA CLARA,Brazil,ISAI01SBBR
86818,0-20000-0-86818,FRANCA (86818-0),Brazil,ISAI01SBBR
86819,0-20000-0-86819,PASSOS,Brazil,ISAI01SBBR
86821,0-20000-0-86821,IBIRITE (ROLA MOCA),Brazil,ISAI01SBBR
86823,0-20000-0-86823,OURO BRANCO,Brazil,ISAI01SBBR
86829,0-20000-0-86829,ALFREDO CHAVES,Brazil,ISAI01SBBR
86841,0-20000-0-86841,ARIRANHA,Brazil,ISAI01SBBR
86849,0-20000-0-86849,SAO JOAO DEL-REI,Brazil,ISAI01SBBR
86854,0-20000-0-86854,CAMBUCI,Brazil,ISAI01SBBR
86859,0-20000-0-86859,JUTI,Brazil,ISAI01SBBR
86860,0-20000-0-86860,IVINHEMA (86860-0),Brazil,ISAI01SBBR
86865,0-20000-0-86865,BAURU,Brazil,ISAI01SBBR
86866,0-20000-0-86866,OURINHOS,Brazil,ISAI01SBBR
86874,0-20000-0-86874,RESENDE (86874-0),Brazil,ISAI01SBBR
86877,0-20000-0-86877,XEREM,Brazil,ISAI01SBBR
86878,0-20000-0-86878,SEROPEDICA-ECOLOGIA AGRICOLA,Brazil,ISAI01SBBR
86887,0-20000-0-86887,RIO DE JANEIRO-FORTE DE COPACABANA,Brazil,ISAI01SBBR
86892,0-20000-0-86892,ARRAIAL DO CABO,Brazil,ISAI01SBBR
86897,0-20000-0-86897,ICARAIMA,Brazil,ISAI01SBBR
86901,0-20000-0-86901,NOVA FATIMA,Brazil,ISAI01SBBR
86905,0-20000-0-86905,ITAPEVA (86905-0),Brazil,ISAI01SBBR
86910,0-20000-0-86910,SAO PAULO-MIRANTE DE SANTANA,Brazil,ISAI01SBBR
86914,0-20000-0-86914,RIO DE JANEIRO-MARAMBAIA,Brazil,ISAI01SBBR
86916,0-20000-0-86916,MARECHAL CANDIDO RONDON,Brazil,ISAI01SBBR
86917,0-20000-0-86917,GOIOERE,Brazil,ISAI01SBBR
86925,0-20000-0-86925,FOZ DO IGUACU,Brazil,ISAI01SBBR
86953,0-20000-0-86953,PALMEIRA DAS MISSOES,Brazil,ISAI01SBBR
86958,0-20000-0-86958,FLORIANOPOLIS-SAO JOSE,Brazil,ISAI01SBBR
86961,0-20000-0-86961,SAO LUIZ GONZAGA (86961-0),Brazil,ISAI01SBBR
86972,0-20000-0-86972,SANTA MARTA (86972-0),Brazil,ISAI01SBBR
86976,0-20000-0-86976,SANTIAGO (86976-0),Brazil,ISAI01SBBR
86977,0-20000-0-86977,SANTA MARIA (86977-0),Brazil,ISAI01SBBR
86985,0-20000-0-86985,DOM PEDRITO,Brazil,ISAI01SBBR
86989,0-20000-0-86989,CAMAQUA,Brazil,ISAI01SBBR
_3760085,0-376-0-588,Neot Smadar,Israel,"ISMD02LLBD,ISND02LLBD,ISID02LLBD"
_3760173,0-376-0-678,Sedom,Israel,"ISID02LLBD,ISMD02LLBD,ISND02LLBD"
_37601fc,0-376-0-616,Deir Hanna,Israel,"ISMD02LLBD,ISND02LLBD,ISID02LLBD"
_3760a60,0-376-0-412,Mahanayim Airport IAA,Israel,"ISMD02LLBD,ISND02LLBD,ISID02LLBD"
_3760f5b,0-376-0-662,Metzoke Dragot,Israel,"ISND02LLBD,ISID02LLBD,ISMD02LLBD"
_3761354,0-376-0-644,Tel Aviv Coast,Israel,"ISMD02LLBD,ISND02LLBD,ISID02LLBD"
_3761398,0-376-0-550,Nahshon,Israel,"ISID02LLBD,ISMD02LLBD,ISND02LLBD"
_37617e6,0-376-0-495,Ramon Airport IAA,Israel,"ISID02LLBD,ISND02LLBD,ISMD02LLBD"
_3761c0c,0-376-0-518,Haifa University,Israel,"ISND02LLBD,ISID02LLBD,ISMD02LLBD"
_3761f7d,0-376-0-577,Avdat,Israel,"ISID02LLBD,ISMD02LLBD,ISND02LLBD"
_376211b,0-376-0-602,Dafna,Israel,"ISMD02LLBD,ISND02LLBD,ISID02LLBD"
_3762b41,0-376-0-655,Hafez Hayyim,Israel,"ISMD02LLBD,ISND02LLBD,ISID02LLBD"
_376325a,0-376-0-567,Lahav,Israel,"ISND02LLBD,ISID02LLBD,ISMD02LLBD"
_376340e,0-376-0-621,Zemah,Israel,"ISMD02LLBD,ISND02LLBD,ISID02LLBD"
_37634fe,0-376-0-608,Rosh Haniqra,Israel,"ISMD02LLBD,ISID02LLBD,ISND02LLBD"
_3763c74,0-376-0-612,Gamla,Israel,"ISND02LLBD,ISID02LLBD,ISMD02LLBD"
_37643c1,0-376-0-425,Haifa Airport IAA,Israel,"ISID02LLBD,ISMD02LLBD,ISND02LLBD"
_37644e5,0-376-0-628,Maale Gilboa,Israel,"ISMD02LLBD,ISID02LLBD,ISND02LLBD"
_376456c,0-376-0-526,Afula Nir Haemeq,Israel,"ISND02LLBD,ISMD02LLBD,ISID02LLBD"
_37645de,0-376-0-652,Jerusalem Centre,Israel,"ISMD02LLBD,ISID02LLBD,ISND02LLBD"
_3764670,0-376-0-541,Qarne Shomeron,Israel,"ISND02LLBD,ISMD02LLBD,ISID02LLBD"
_37648aa,0-376-0-562,Dorot,Israel,"ISND02LLBD,ISMD02LLBD,ISID02LLBD"
_3764dbe,0-376-0-502,Merom Golan Picman,Israel,"ISID02LLBD,ISMD02LLBD,ISND02LLBD"
_37650b7,0-376-0-564,En Gedi,Israel,"ISID02LLBD,ISND02LLBD,ISMD02LLBD"
_37651aa,0-376-0-699,Elat,Israel,"ISMD02LLBD,ISND02LLBD,ISID02LLBD"
_376531d,0-376-0-594,Yotvata,Israel,"ISID02LLBD,ISMD02LLBD,ISND02LLBD"
_3765400,0-376-0-568,Nevatim,Israel,"ISMD02LLBD,ISND02LLBD,ISID02LLBD"
_37654ee,0-376-0-630,Galed,Israel,"ISMD02LLBD,ISND02LLBD,ISID02LLBD"
_3765729,0-376-0-620,Massada,Israel,"ISND02LLBD,ISID02LLBD,ISMD02LLBD"
_37657c8,0-376-0-654,Qevuzat Yavne,Israel,"ISMD02LLBD,ISND02LLBD,ISID02LLBD"
_3765b7b,0-376-0-619,Newe Yaar,Israel,"ISID02LLBD,ISMD02LLBD,ISND02LLBD"
_3765e40,0-376-0-663,Arad,Israel,"ISND02LLBD,ISID02LLBD,ISMD02LLBD"
_376618a,0-376-0-528,Zikhron Yaaqov,Israel,"ISID02LLBD,ISMD02LLBD,ISND02LLBD"
_376646e,0-376-0-661,Rosh Zurim,Israel,"ISID02LLBD,ISMD02LLBD,ISND02LLBD"
_3766b2c,0-376-0-565,Besor Farm,Israel,"ISMD02LLBD,ISND02LLBD,ISID02LLBD"
_3766fe9,0-376-0-672,Zomet Hanegev,Israel,"ISMD02LLBD,ISID02LLBD,ISND02LLBD"
_37670fe,0-376-0-517,Avne Etan,Israel,"ISND02LLBD,ISID02LLBD,ISMD02LLBD"
_3767434,0-376-0-653,Nizzan,Israel,"ISMD02LLBD,ISND02LLBD,ISID02LLBD"
_37678b6,0-376-0-617,Kefar Nahum,Israel,"ISID02LLBD,ISMD02LLBD,ISND02LLBD"
_3767eee,0-376-0-551,Jerusalem Givat Ram,Israel,"ISND02LLBD,ISID02LLBD,ISMD02LLBD"
_376845a,0-376-0-547,Gilgal,Israel,"ISMD02LLBD,ISND02LLBD,ISID02LLBD"
_3768970,0-376-0-679,Hazeva,Israel,"ISID02LLBD,ISMD02LLBD,ISND02LLBD"
_3768bb9,0-376-0-507,Shave Ziyyon,Israel,"ISMD02LLBD,ISND02LLBD,ISID02LLBD"
_3768d9d,0-376-0-545,Har Harasha,Israel,"ISMD02LLBD,ISND02LLBD,ISID02LLBD"
_3768f44,0-376-0-645,Bet Dagan,Israel,"ISND02LLBD,ISID02LLBD,ISMD02LLBD"
_37690c4,0-376-0-174,Herzliyya Airport IAA,Israel,"ISID02LLBD,ISMD02LLBD,ISND02LLBD"
_3769946,0-376-0-519,Haifa Technion,Israel,"ISID02LLBD,ISMD02LLBD,ISND02LLBD"
_3769acc,0-376-0-554,Bet Haarava,Israel,"ISND02LLBD,ISID02LLBD,ISMD02LLBD"
_376a083,0-376-0-180,Lod Airport IAA,Israel,"ISMD02LLBD,ISND02LLBD,ISID02LLBD"
_376a406,0-376-0-687,Paran,Israel,"ISID02LLBD,ISMD02LLBD,ISND02LLBD"
_376a432,0-376-0-639,Ariel,Israel,"ISMD02LLBD,ISND02LLBD,ISID02LLBD"
_376a4c4,0-376-0-613,Ammiad,Israel,"ISMD02LLBD,ISND02LLBD,ISID02LLBD"
_376a4ce,0-376-0-532,Eden Farm,Israel,"ISND02LLBD,ISID02LLBD,ISMD02LLBD"
_376a55c,0-376-0-642,Maale Adummim,Israel,"ISID02LLBD,ISND02LLBD,ISMD02LLBD"
_376a694,0-376-0-604,Kefar Blum,Israel,"ISMD02LLBD,ISID02LLBD,ISND02LLBD"
_376ac32,0-376-0-539,Hakfar Hayarok,Israel,"ISND02LLBD,ISID02LLBD,ISMD02LLBD"
_376ad1c,0-376-0-606,Zefat Har Kenaan,Israel,"ISMD02LLBD,ISND02LLBD,ISID02LLBD"
_376bc78,0-376-0-560,Netiv Halamed He,Israel,"ISMD02LLBD,ISID02LLBD,ISND02LLBD"
_376c07d,0-376-0-557,Beit Jimal,Israel,"ISND02LLBD,ISMD02LLBD,ISID02LLBD"
_376c16a,0-376-0-506,Harashim,Israel,"ISMD02LLBD,ISND02LLBD,ISID02LLBD"
_376c55a,0-376-0-531,Sede Eliyyahu,Israel,"ISND02LLBD,ISMD02LLBD,ISID02LLBD"
_376c5fe,0-376-0-607,Elon,Israel,"ISID02LLBD,ISND02LLBD,ISMD02LLBD"
_376c677,0-376-0-529,Hadera Port,Israel,"ISID02LLBD,ISMD02LLBD,ISND02LLBD"
_376c7c9,0-376-0-520,Yavneel,Israel,"ISND02LLBD,ISID02LLBD,ISMD02LLBD"
_376ccf3,0-376-0-614,Eshhar,Israel,"ISMD02LLBD,ISND02LLBD,ISID02LLBD"
_376cf5c,0-376-0-603,Kefar Giladi,Israel,"ISID02LLBD,ISMD02LLBD,ISND02LLBD"
_376cf89,0-376-0-656,Zova,Israel,"ISMD02LLBD,ISND02LLBD,ISID02LLBD"
_376d20f,0-376-0-542,Itamar,Israel,"ISND02LLBD,ISMD02LLBD,ISID02LLBD"
_376daa4,0-376-0-515,Haifa Refineries,Israel,"ISND02LLBD,ISID02LLBD,ISMD02LLBD"
_376dbed,0-376-0-576,Ezuz,Israel,"ISID02LLBD,ISMD02LLBD,ISND02LLBD"
_376ddb9,0-376-0-524,En Karmel,Israel,"ISID02LLBD,ISMD02LLBD,ISND02LLBD"
_376dfa1,0-376-0-674,Sede Boqer,Israel,"ISND02LLBD,ISID02LLBD,ISMD02LLBD"
_376e04d,0-376-0-582,Mizpe Ramon,Israel,"ISMD02LLBD,ISND02LLBD,ISID02LLBD"
_376e363,0-376-0-669,Beer Sheva,Israel,"ISID02LLBD,ISMD02LLBD,ISND02LLBD"
_376e574,0-376-0-523,En Hashofet,Israel,"ISMD02LLBD,ISND02LLBD,ISID02LLBD"
_376e993,0-376-0-559,Gat,Israel,"ISND02LLBD,ISMD02LLBD,ISID02LLBD"
_376ea2f,0-376-0-658,Negba,Israel,"ISND02LLBD,ISID02LLBD,ISMD02LLBD"
_376ee85,0-376-0-530,Tel Yosef,Israel,"ISID02LLBD,ISMD02LLBD,ISND02LLBD"
_376eed0,0-376-0-634,En Hahoresh,Israel,"ISID02LLBD,ISMD02LLBD,ISND02LLBD"
_376f158,0-376-0-563,Shani,Israel,"ISND02LLBD,ISID02LLBD,ISMD02LLBD"
_376fb9d,0-376-0-503,Ayyelet Hashahar,Israel,"ISMD02LLBD,ISND02LLBD,ISID02LLBD"
_376fc60,0-376-0-516,Bet Zayda,Israel,"ISID02LLBD,ISMD02LLBD,ISND02LLBD"
_376fe25,0-376-0-665,Ashqelon Port,Israel,"ISMD02LLBD,ISND02LLBD,ISID02LLBD"
_376ff2e,0-376-0-521,Tavor Kadoorie,Israel,"ISND02LLBD,ISMD02LLBD,ISID02LLBD"
_376ff7f,0-376-0-511,Afeq,Israel,"ISND02LLBD,ISID02LLBD,ISMD02LLBD"
_376ffd1,0-376-0-556,Ashdod Port,Israel,"ISID02LLBD,ISMD02LLBD,ISND02LLBD"
_75605cf,0-756-0-BIA,BIASCA,Switzerland,"ISND23LSSW,ISMD23LSSW,ISID23LSSW"
